﻿Name,Clients,Deliverables,Files & Media,Industry,Links,Reference Case Study,Segment,Type
First Features - Digital Marketing Strategy,Natives Filmworks & MichelAngelo Productions,,"First_Features_Project_Deck_July24_(1).pdf_-_Page_1_of_11-compressed.pdf, Untitled-report-Dec-1-2023-to-Aug-22-2024.csv, LOVE__LIFE_SOCIAL_MEDIA_CAMPAIGN_REPORT_-_2027-12-2023.pd.pdf",,https://nativesfilmworks.com/first-features-project/,,,Case Study
Double Bill - Simultaneous Film Promotion,First Features,,,,https://nativesfilmworks.com/firstfeatures-doublebill2024/,,,Case Study
Sporton - Brand Development & Strategy,Sporton co.,,,,,,,Case Study
The Kiichen -  UX & Mobile App Design,The Kiichen Bistro,,,,https://uxfol.io/p/bdf5d32c/035e5464,,,Case Study
Sony Pictures Indonesia,,,,Entertainment,,,,Clients
Royco Indonesia,,,,Food and Beverage,,,,Clients
OBH Combi,,,,Health,,,,Clients
realme indonesia,,,,Technology,,,,Clients
Spotify Indonesia,,,,Entertainment,,,,Clients
Ralali.com,,,,B2B,,,,Clients
Confiant,,,,,,,,Clients
B-Quik,,,,Otomotive,,,,Clients
TikTok for Business,,,,Entertainment,,,,Clients
Woobiz,,,,B2B,,,,Clients
The Kiichen,,"Mobile app, Web App",,,An On-Demand Food Delivery Service,https://www.behance.net/gallery/126300147/Elmenus-Case-Study-2021,FoodTech,