﻿"Campaign name","Ad Set Name","Delivery status","Delivery level",Reach,Impressions,"Amount spent (NGN)",Frequency,"Attribution setting","Result type",Results,"Cost per result",Starts,Ends,"Reporting starts","Reporting ends"
,,,,1027333,1620529,624116.1,1.57741356,,mixed,,,,,2023-12-01,2024-08-22
"Instagram post: In the bustling streets of Lagos,...","Instagram Post",not_delivering,adset,27358,46469,63466.61,1.69855253,"7-day click or 1-day view","Link clicks",722,87.90389197,2024-05-27,2024-06-07,2023-12-01,2024-08-22
"Instagram post: What would you do if you were...","Instagram Post",not_delivering,adset,30065,39233,48063.68,1.3049393,"7-day click or 1-day view","Link clicks",711,67.60011252,2024-06-01,Ongoing,2023-12-01,2024-08-22
"Instagram Post","Instagram Post",not_delivering,adset,32236,37807,34451.01,1.17281921,"7-day click or 1-day view","Link clicks",95,362.64221053,2024-06-15,Ongoing,2023-12-01,2024-08-22
"Nigeria audience Post:  ""What would you do if you were Boma? Watch Kill..."" –","Post: ""What would you do if you were Boma? Watch Kill..."" – Copy",not_delivering,adset,48109,50784,29493.5,1.0556029,"7-day click or 1-day view","Link clicks",4236,6.96258263,2024-06-04,2024-06-05,2023-12-01,2024-08-22
"Instagram Post","Instagram Post",not_delivering,adset,21184,22736,27768.96,1.07326284,"7-day click or 1-day view","Link clicks",423,65.64765957,2024-06-06,Ongoing,2023-12-01,2024-08-22
"Instagram post: Make this Father’s Day Special!...","Instagram Post",completed,adset,16373,18972,20228.94,1.15873694,"7-day click or 1-day view","Link clicks",191,105.91068063,2024-06-14,2024-06-17,2023-12-01,2024-08-22
"Love & Life Poster - Trailer","New Traffic Ad set with recommended settings",not_delivering,adset,54196,71566,17501.51,1.32050336,"7-day click or 1-day view","Link clicks",8267,2.11703278,2023-12-22,2024-01-29,2023-12-01,2024-08-22
"Instagram post: “A Father’s Love” is now...","Instagram Post",not_delivering,adset,26569,34563,16993.34,1.30087696,"7-day click or 1-day view","Link clicks",344,49.39924419,2024-05-31,2024-06-05,2023-12-01,2024-08-22
"Instagram post: When it comes to Love and Life,...","Instagram Post",not_delivering,adset,30410,40814,16343.55,1.3421243,"7-day click or 1-day view","Link clicks",694,23.54978386,2023-12-27,2024-01-14,2023-12-01,2024-08-22
"Instagram Post","Instagram Post",not_delivering,adset,13630,13630,16163.58,1,"7-day click or 1-day view","Link clicks",389,41.55161954,2024-06-06,Ongoing,2023-12-01,2024-08-22
"Post: ""Kill Boro is now showing on Prime Video.""","Post: ""Kill Boro is now showing on Prime Video.""",not_delivering,adset,34124,37251,15993.65,1.09163638,"7-day click or 1-day view","Link clicks",3524,4.53849319,2024-05-31,2024-06-06,2023-12-01,2024-08-22
"Love & Life Promo Video - Facebook","Post: ""Experience the power of enduring bonds— a story...""",not_delivering,adset,68258,108486,15091.82,1.58935216,"7-day click or 1-day view","Link clicks",12547,1.20282299,2023-12-30,2024-03-01,2023-12-01,2024-08-22
"Traffic campaign for Instagram advertisers 06/15/2024 Campaign","Traffic campaign for Instagram advertisers 06/15/2024 Ad set",not_delivering,adset,11889,12512,14356.72,1.05240138,"7-day click or 1-day view",actions:visit_instagram_profile,113,127.05061947,2024-06-15,Ongoing,2023-12-01,2024-08-22
"Instagram post: ⏳

.
#KillBoro #FirstFeatures...","Instagram Post",not_delivering,adset,16522,20789,14260.85,1.25826171,"7-day click or 1-day view","Link clicks",100,142.6085,2024-05-27,Ongoing,2023-12-01,2024-08-22
"Instagram Post","Instagram Post",not_delivering,adset,8300,8396,13943.02,1.01156627,"7-day click or 1-day view","Link clicks",224,62.245625,2024-06-07,Ongoing,2023-12-01,2024-08-22
"Instagram post: Experience the profound journey...","Instagram Post",not_delivering,adset,17103,20216,13871.54,1.18201485,"7-day click or 1-day view","Link clicks",281,49.36491103,2024-06-07,Ongoing,2023-12-01,2024-08-22
"Post: ""The moment we’ve all been waiting for! “It Blooms...""","Post: ""The moment we’ve all been waiting for! “It Blooms...""",not_delivering,adset,13527,17182,13517.25,1.27020034,"7-day click or 1-day view","Post engagements",3159,4.27896486,2024-02-28,2024-03-05,2023-12-01,2024-08-22
"Instagram post: 3 Years ago we launched the First...","Instagram Post",not_delivering,adset,3968,4323,12906.57,1.08946573,"7-day click or 1-day view","Link clicks",61,211.58311475,2024-08-19,Ongoing,2023-12-01,2024-08-22
"Instagram post: This Friday, “A Father’s Love”...","Instagram Post",not_delivering,adset,17131,19976,12892.54,1.1660732,"7-day click or 1-day view","Link clicks",414,31.14140097,2024-05-27,Ongoing,2023-12-01,2024-08-22
"New Awareness Campaign","New Awareness Ad Set",not_delivering,adset,146159,183481,11630.74,1.25535205,"7-day click or 1-day view",Reach,146159,79.57594127,2024-02-28,Ongoing,2023-12-01,2024-08-22
"Post: ""What would you do if you were Boma? Watch Kill...""","Post: ""What would you do if you were Boma? Watch Kill...""",completed,adset,6482,7581,11489.91,1.16954644,"7-day click or 1-day view","Link clicks",571,20.12243433,2024-06-01,2024-06-08,2023-12-01,2024-08-22
"Post: ""Kill Boro is here! And streaming on Prime Video....""","Post: ""Kill Boro is here! And streaming on Prime Video....""",not_delivering,adset,14087,15732,11175.6,1.11677433,"7-day click or 1-day view",ThruPlay,5775,1.93516883,2024-05-31,2024-06-07,2023-12-01,2024-08-22
"New Awareness Campaign","New Awareness Ad Set",not_delivering,adset,284729,291441,9998.48,1.02357329,"7-day click or 1-day view",Reach,284729,35.11577676,2024-01-06,2024-01-14,2023-12-01,2024-08-22
"Love & Life - Instagram & Facebook post engagement campaign","New post engagement ad set",not_delivering,adset,16607,20103,9832.04,1.21051364,"7-day click or 1-day view","Post engagements",3932,2.50051882,2023-12-23,2023-12-28,2023-12-01,2024-08-22
"Instagram post: Kill Boro is now showing on Prime...","Instagram Post",not_delivering,adset,12591,14144,9769.43,1.12334207,"7-day click or 1-day view","Link clicks",226,43.22756637,2024-05-31,2024-06-05,2023-12-01,2024-08-22
"Instagram post: Caught between protecting his...","Instagram Post",not_delivering,adset,7788,10241,9459.86,1.31497175,"7-day click or 1-day view","Link clicks",205,46.14565854,2024-02-28,2024-03-05,2023-12-01,2024-08-22
"Instagram Post","Instagram Post",not_delivering,adset,4407,4888,9195.35,1.10914454,"7-day click or 1-day view","Link clicks",28,328.40535714,2024-08-19,Ongoing,2023-12-01,2024-08-22
"Instagram post: This Thursday “Kill Boro” arrives...","Instagram Post",not_delivering,adset,13763,14772,9049.89,1.0733125,"7-day click or 1-day view","Link clicks",251,36.05533865,2024-05-27,Ongoing,2023-12-01,2024-08-22
"Instagram post: ‘Love and Life’ is now streaming...","Instagram Post",completed,adset,17618,22897,8622.12,1.29963674,"7-day click or 1-day view","Link clicks",118,73.06881356,2023-12-30,2024-01-07,2023-12-01,2024-08-22
"Post: ""Kill Boro is now showing on Prime Video. Go check...""","Post: ""Kill Boro is now showing on Prime Video. Go check...""",not_delivering,adset,10409,11383,7579.71,1.09357287,"7-day click or 1-day view","Post engagements",2595,2.92089017,2024-05-31,2024-06-05,2023-12-01,2024-08-22
"Post: ""3 years ago, we launched First Features Project...""","Post: ""3 years ago, we launched First Features Project...""",not_delivering,adset,4649,5088,7476.26,1.09442891,"7-day click or 1-day view","Link clicks",993,7.52896274,2024-08-19,2024-08-24,2023-12-01,2024-08-22
"Instagram post: Kill Boro is now #1 on Prime...","Instagram Post",not_delivering,adset,12225,13264,7471.68,1.08498978,"7-day click or 1-day view","Link clicks",229,32.62742358,2024-06-07,Ongoing,2023-12-01,2024-08-22
"Instagram post: Cake is now showing on Prime...","Instagram Post",completed,adset,18730,32470,6856.29,1.73358249,"7-day click or 1-day view","Link clicks",129,53.14953488,2024-01-26,2024-02-01,2023-12-01,2024-08-22
"Cake on Prime - Facebook engagement campaign","New post engagement ad set",not_delivering,adset,16805,20222,6405.42,1.20333234,"7-day click or 1-day view","Post engagements",5600,1.143825,2024-01-26,Ongoing,2023-12-01,2024-08-22
"New Awareness Campaign","New Awareness Ad Set",not_delivering,adset,101750,117278,6052.57,1.15260934,"7-day click or 1-day view",Reach,101750,59.48471744,2024-01-27,2024-03-01,2023-12-01,2024-08-22
"Instagram post: Wishing you a Happy New Year...","Instagram Post",not_delivering,adset,6700,7867,5453.11,1.1741791,"7-day click or 1-day view","Link clicks",99,55.08191919,2024-01-06,2024-01-14,2023-12-01,2024-08-22
"Love & Life Awareness Campaign","New Awareness Ad Set",not_delivering,adset,79299,89280,4986.83,1.1258654,"7-day click or 1-day view",Reach,79299,62.88641723,2023-12-23,Ongoing,2023-12-01,2024-08-22
"Instagram post: Kill Boro (Original Motion...","Instagram Post",completed,adset,7643,8615,4792.35,1.12717519,"7-day click or 1-day view","Link clicks",97,49.4056701,2024-07-12,2024-07-17,2023-12-01,2024-08-22
"Post: ""Make this Father’s Day Special! ""","Post: ""Make this Father’s Day Special! """,not_delivering,adset,8228,8228,4136.45,1,"7-day click or 1-day view",ThruPlay,1568,2.63804209,2024-06-15,2024-06-18,2023-12-01,2024-08-22
"Cake - IG New Traffic Campaign","New Traffic Ad Set",not_delivering,adset,13460,16875,4127.87,1.25371471,"7-day click or 1-day view","Link clicks",44,93.81522727,2024-01-26,Ongoing,2023-12-01,2024-08-22
"Instagram Post","Instagram Post",not_delivering,adset,3752,3991,3983.26,1.06369936,"7-day click or 1-day view","Link clicks",40,99.5815,2024-03-25,2024-03-28,2023-12-01,2024-08-22
"Instagram post: Last night was truly...","Instagram Post",not_delivering,adset,4463,5291,3864.5,1.18552543,"7-day click or 1-day view","Link clicks",67,57.67910448,2024-03-25,2024-03-28,2023-12-01,2024-08-22
"Instagram post: Call for Male Child Actor! Are...","Instagram Post",not_delivering,adset,1296,1565,3836.7,1.20756173,"7-day click or 1-day view","Messaging conversations started",7,548.1,2024-04-19,Ongoing,2023-12-01,2024-08-22
"Instagram post: Your comments and reviews for...","Instagram Post",not_delivering,adset,23498,27800,3599.14,1.18307941,"7-day click or 1-day view","Link clicks",117,30.76188034,2024-01-07,2024-01-10,2023-12-01,2024-08-22
"Instagram Post","Instagram Post",not_delivering,adset,3433,3599,3465.86,1.04835421,"7-day click or 1-day view","Link clicks",114,30.4022807,2024-03-28,2024-03-31,2023-12-01,2024-08-22
"Post: ""Watch the official trailer for 'It Blooms in...""","Post: ""Watch the official trailer for 'It Blooms in...""",not_delivering,adset,3677,4095,3312.69,1.11367963,"7-day click or 1-day view","Link clicks",529,6.26217391,2024-02-27,2024-03-04,2023-12-01,2024-08-22
"Instagram post: Did you know that…. @fbqmuseum 🤩...","Instagram Post",not_delivering,adset,1178,1190,2295.44,1.01018676,"7-day click or 1-day view","Link clicks",6,382.57333333,2024-08-19,Ongoing,2023-12-01,2024-08-22
"Instagram post: Always a good time with my peeps...","Instagram Post",not_delivering,adset,8381,8813,2250.47,1.05154516,"7-day click or 1-day view","Link clicks",283,7.95219081,2024-01-06,2024-01-12,2023-12-01,2024-08-22
"Instagram post: ‘Kill Boro’ star, Kosi Ogboruche...","Instagram Post",not_delivering,adset,2864,2972,2234.84,1.0377095,"7-day click or 1-day view","Link clicks",81,27.59061728,2024-03-26,2024-03-28,2023-12-01,2024-08-22
"Instagram post: Forever Valentino: An Experience...","Instagram Post",not_delivering,adset,2010,2103,2125.12,1.04626866,"7-day click or 1-day view","Link clicks",13,163.47076923,2024-08-19,2024-08-22,2023-12-01,2024-08-22
"Instagram Post","Instagram Post",not_delivering,adset,3102,3368,1968.37,1.08575113,"7-day click or 1-day view","Link clicks",66,29.82378788,2024-03-28,2024-03-30,2023-12-01,2024-08-22
"Instagram Post","Instagram Post",not_delivering,adset,2322,2560,1463.14,1.10249785,"7-day click or 1-day view","Link clicks",10,146.314,2024-07-12,Ongoing,2023-12-01,2024-08-22
"Instagram post: Double crush alert! Love blooms...","Instagram Post",not_delivering,adset,1426,1484,1312.8,1.04067321,"7-day click or 1-day view","Link clicks",30,43.76,2024-02-28,2024-03-05,2023-12-01,2024-08-22
"Instagram post: ThIs year, no gree for anybody oo...","Instagram Post",not_delivering,adset,1376,1418,1017.89,1.03052326,"7-day click or 1-day view","Link clicks",13,78.29923077,2024-01-06,2024-01-11,2023-12-01,2024-08-22
"Instagram Post","Instagram Post",not_delivering,adset,926,964,916.59,1.04103672,"7-day click or 1-day view","Link clicks",6,152.765,2024-01-06,2024-01-08,2023-12-01,2024-08-22
"Instagram post: Guess who’s #1 on...","Instagram Post",not_delivering,adset,2901,3067,909.03,1.05722165,"7-day click or 1-day view","Link clicks",48,18.938125,2024-01-06,2024-01-13,2023-12-01,2024-08-22
"Instagram post: The reviews say it all. 🚀

If you...","Instagram Post",not_delivering,adset,3157,3278,879.03,1.03832753,"7-day click or 1-day view","Link clicks",8,109.87875,2024-01-04,2024-01-07,2023-12-01,2024-08-22
"Instagram post: The movie continues..
Kill Boro...","Instagram Post",not_delivering,adset,545,557,821.34,1.02201835,"7-day click or 1-day view","Link clicks",19,43.22842105,2024-07-13,Ongoing,2023-12-01,2024-08-22
"Instagram post: Wahala for who dey owe Jaguar...","Instagram Post",not_delivering,adset,585,590,641.26,1.00854701,"7-day click or 1-day view","Link clicks",8,80.1575,2024-06-08,Ongoing,2023-12-01,2024-08-22
"Instagram post: Caught between protecting his...","Instagram Post",archived,adset,260,269,348.03,1.03461538,"7-day click or 1-day view","Link clicks",4,87.0075,2024-02-27,2024-03-05,2023-12-01,2024-08-22
